Code,LocalAuthority,Region,Overallscore,EarlyYears,Schools,Youth,Adulthood
E07000223,Adur,South East,-10.00541836654952,-5.666596800334229,2.434496065432951,.2090652668411495,-6.982382898489395
E07000026,Allerdale,North West,-66.97665177508263,-19.8110032135078,-29.9413354473517,-12.77198362102044,-4.452329493202699
E07000032,Amber Valley,East Midlands,-47.41253780318081,5.233443580080918,-37.53030211520615,-22.20609168934528,7.090412421289705
E07000224,Arun,South East,-30.57900763462843,-.3160194094722328,-18.22490459573846,4.054783734025534,-16.09286736344327
E07000170,Ashfield,East Midlands,-62.06668131701993,-26.06700579186493,-8.457678997329948,-26.55021737190603,-.9917791559190278
E07000105,Ashford,South East,4.477421593231616,17.57356994172558,-.1003189165876996,-9.912995732825745,-3.082833699080515
E07000004,Aylesbury Vale,South East,18.40561738900903,15.57079830626843,-20.16177210138722,12.29653950229875,10.70005168182908
E07000200,Babergh,East,-32.17239370765019,3.827059610580561,-12.20919129520128,-15.49497475684037,-8.295287266189096
E09000002,Barking and Dagenham,London,12.23805869410526,-20.7817315273638,23.51939289001802,28.69735979005942,-19.19696245860837
E09000003,Barnet,London,82.78076992643267,15.41232571625075,35.204267394318,36.05994681297747,-3.895769997113564
E08000016,Barnsley,Yorkshire and The Humber,-40.48686485700767,-6.464574631446715,-8.227069699654633,-19.85700645041099,-5.938214075495332
E07000027,Barrow-in-Furness,North West,-35.9609922925332,-11.83246354548761,-16.41782247666612,-6.593867327230336,-1.116838943149139
E07000066,Basildon,East,-4.540726131748213,4.958850168918016,-3.950405023178683,-6.555377529421527,1.006206251933982
E07000084,Basingstoke and Deane,South East,11.49805976608993,1.97910806707152,-10.87904205326168,3.362976281880495,17.03501747039959
E07000171,Bassetlaw,East Midlands,-30.46690943289841,-17.71794160549417,7.537036554906919,-20.09957800803732,-.1864263742738448
E06000022,Bath and North East Somerset,South West,.0197869211078157,5.42590997462062,-3.225535610809096,-7.744945045688781,5.564357602985073
E06000055,Bedford,East,12.76233368574804,10.67659095600162,-.1541552884826373,-4.320358618807205,6.56025663703627
E09000004,Bexley,London,39.27702607594222,12.04071551822699,8.830317509559922,21.50525110955691,-3.099258061401607
E08000025,Birmingham,West Midlands,8.869329279449781,-18.8289443572934,3.945625363374742,26.59341952754896,-2.840771254180522
E07000129,Blaby,East Midlands,-6.731557689867685,-9.355524173575663,-15.19165465967151,2.174787661101556,15.64083348227793
E06000008,Blackburn with Darwen,North West,.0764555621780652,-18.31609822402446,10.83315949000274,14.48713615200096,-6.927741855801171
E06000009,Blackpool,North West,-55.41226033912501,-13.59231243143323,-26.07202475245112,5.3457991105392,-21.09372226577986
E07000033,Bolsover,East Midlands,-38.41899696284274,-1.47795757865473,-.4516320137416319,-17.7335127384892,-18.75589463195718
E08000001,Bolton,North West,-2.438276856661794,-17.5886066697027,3.884031530614967,12.73364878680381,-1.467350504377873
E07000136,Boston,East Midlands,7.789321463772104,28.59033028045548,11.73823985787174,-5.207659064644918,-27.33158960991019
E06000028,Bournemouth,South West,-21.58860774055396,-5.606338698966754,3.007195974989785,-14.60859691891273,-4.380868097664262
E06000036,Bracknell Forest,South East,16.71901348417823,12.43423165512878,-16.59534903206749,3.626576808152264,17.25355405296467
E08000032,Bradford,Yorkshire and The Humber,-25.92253315325278,-5.520177892833485,-25.58396347811864,6.768631153142872,-1.587022935443524
E07000067,Braintree,East,-12.92615368710865,-9.828656617688665,4.290506749868674,-6.305792969253936,-1.082210850034727
E07000143,Breckland,East,-46.3046999229926,.1721642682641074,-15.80144781796339,-7.372690446589821,-23.30272592670351
E09000005,Brent,London,54.43731731990961,11.41973044062654,26.79540723599635,42.62528182187667,-26.40310217858995
E07000068,Brentwood,East,49.83260320610873,.8847072494752499,19.26330196682629,4.756703682338326,24.92789030746885
E06000043,Brighton and Hove,South East,3.040256327309536,4.081860605918495,-6.212273812139922,-1.670894711799207,6.84156424533017
E06000023,"Bristol, City of",South West,-16.51310831494707,-11.68426427811076,3.42553570695064,-16.53495862471601,8.280578880929061
E07000144,Broadland,East,18.65451021842408,-1.323527132916909,4.151490786356408,13.77481554915704,2.051731015827539
E09000006,Bromley,London,57.84119032765599,8.421834665652764,17.06390679553739,18.31430761510904,14.0411412513568
E07000234,Bromsgrove,West Midlands,38.87050313104771,.6812542022465617,20.09331376450805,3.686685536523075,14.40924962777002
E07000095,Broxbourne,East,58.59899947839375,16.31211979381078,7.379595286622613,26.14861691837384,8.758667479586517
E07000172,Broxtowe,East Midlands,-38.27507556479729,-15.17936107997669,-13.61721447813511,-21.76001846609965,12.28151845941415
E07000117,Burnley,North West,-18.99591143760073,2.700298873505087,-6.587467683982442,-9.436027443101317,-5.672715184022058
E08000002,Bury,North West,-7.994943522523745,-39.60267852180728,2.876225393404233,21.86366552493381,6.867844080945495
E08000033,Calderdale,Yorkshire and The Humber,11.45782843729021,-16.98998285579543,.1495314484772683,19.39086039920082,8.907419445407559
E07000008,Cambridge,East,-3.165079430891094,-21.70573730587013,8.597461438875326,-3.647045715945879,13.59024215204959
E09000007,Camden,London,70.82945113334215,-10.32448635001636,36.12836289649006,34.26944002293131,10.75613456393713
E07000192,Cannock Chase,West Midlands,-27.38380623287295,6.583786743871003,-21.6198251719624,-7.228864135764998,-5.118903669016552
E07000106,Canterbury,South East,4.727134165682035,20.81656937637445,-7.102346836545887,-13.60954421754758,4.622455843401056
E07000028,Carlisle,North West,-71.37228574944861,-17.3266294452774,-19.48812000625865,-28.267803734324,-6.289732563588538
E07000069,Castle Point,East,1.98152711128821,-3.519389961726743,11.87111547309817,-.0309476598226683,-6.339250740260546
E06000056,Central Bedfordshire,East,-15.92471335533124,-6.593934647146151,-9.816824180068922,-6.631657392772857,7.117702864656696
E07000130,Charnwood,East Midlands,-17.60749878632566,-23.12413754950562,-7.196798580674163,3.587086143827866,9.126351200026258
E07000070,Chelmsford,East,2.85697945027877,-6.196441123491109,12.02916898738569,-15.05163018272417,12.07588176910835
E07000078,Cheltenham,South West,-15.52541954325528,-10.65483651734836,6.68734840522208,-20.65759908612638,9.099667654997385
E07000177,Cherwell,South East,-18.62931893962702,-8.600878469756605,-12.21620591385889,-7.55710348123058,9.744868925219066
E06000049,Cheshire East,North West,10.7119538727687,-.6207628753255099,1.827540882533751,-2.467274194088191,11.97245005964865
E06000050,Cheshire West and Chester,North West,-22.62191789484332,-5.467016780596628,-5.215721687879975,-18.96442701369579,7.025247587329075
E07000034,Chesterfield,East Midlands,-38.27670767203694,-1.102167063010831,-13.52269541552125,-15.82791351284726,-7.823931680657596
E07000225,Chichester,South East,-38.53040622206024,-14.61957948199093,-19.33814583064517,.109937380131188,-4.682618289555328
E07000005,Chiltern,South East,35.43679263703272,-3.251552866822259,.5026513334444633,15.79345458828845,22.39223958212206
E07000118,Chorley,North West,45.83205139910085,11.80354222191616,20.11061486706737,5.732408166872259,8.185486143245067
E07000048,Christchurch,South West,10.20972126804766,-1.200553166875779,5.429668574162806,10.50712837770049,-4.526522516939856
E07000071,Colchester,East,-13.83888732982603,-2.57350962876134,5.423759498679654,-15.6583633737093,-1.030773826035046
E07000029,Copeland,North West,-1.699078358661414,-5.728806606438726,-.1231006749861177,-16.80769267954824,20.96052160231167
E07000150,Corby,East Midlands,-72.51174264104016,-8.897653280915275,-43.22868514802013,-10.56436120194727,-9.821043010157483
E06000052,Cornwall,South West,8.806988349201191,8.43182499893711,4.447970375789609,12.78018780182389,-16.85299482734942
E07000079,Cotswold,South West,-31.06396016609139,-12.46088035235705,13.10991453321719,-31.74418071417443,.0311863672229009
E06000047,County Durham,North East,24.16492157162688,13.71417923420994,11.16622352630912,-4.520848835923319,3.805367647031139
E08000026,Coventry,West Midlands,18.25147185956257,8.210454123593216,2.615707099737861,8.197194577848023,-.77188394161653
E07000163,Craven,Yorkshire and The Humber,52.61876594068324,2.46120325126712,23.03329469220748,23.11585911537521,4.008408881833432
E07000226,Crawley,South East,-48.72008569031397,5.733498083257741,-36.39423963157396,-17.62274880206526,-.4365953399324898
E09000008,Croydon,London,44.90128917373595,3.935197423436865,10.54392308222144,33.35347292193159,-2.931304253853943
E07000096,Dacorum,East,17.39266953011971,2.131339643970986,-5.995184789413228,12.01789621476788,9.238618460794079
E06000005,Darlington,North East,-.6587730257437165,7.947131511097965,-10.17705882117879,-3.205081565456588,4.776235849793702
E07000107,Dartford,South East,37.3428097720915,28.44069412635452,9.57862668392535,-15.95372778936739,15.27721675117902
E07000151,Daventry,East Midlands,-9.052505782642536,2.82937005393234,-18.19061023906602,-6.782732128772103,13.09146653126325
E06000015,Derby,East Midlands,-61.86131040447822,-32.57003541504375,-21.08087252575991,-13.39129347126723,5.18089100759267
E07000035,Derbyshire Dales,East Midlands,10.30997372323796,15.13147744927747,-3.119519702844408,-8.120133274720791,6.418149251525691
E08000017,Doncaster,Yorkshire and The Humber,-44.21544893647906,10.37037396204543,-27.24886833764975,-16.27916825730453,-11.05778630357021
E07000108,Dover,South East,12.27331963336142,33.18649416836635,10.97533353062237,-28.32505581563901,-3.56345224998828
E08000027,Dudley,West Midlands,-27.72909504321547,-16.83923506005077,-10.68465950106367,3.296728291221713,-3.501928773322741
E09000009,Ealing,London,77.5021540971136,16.65972338533852,30.64632252855954,43.90814246660182,-13.71203428338627
E07000009,East Cambridgeshire,East,-20.34214513304713,-8.794201125185177,-13.50150872584937,-5.257779275094557,7.211343993081972
E07000040,East Devon,South West,10.67862158709026,4.211046622758515,1.832145823841295,1.018779952567077,3.616649187923372
E07000049,East Dorset,South West,4.969902985104,-1.870713221262624,-8.459195604424643,13.97096397514522,1.328847835646051
E07000085,East Hampshire,South East,32.25338392911183,.5192626042842081,10.51853753306556,13.52221871694915,7.693365074812903
E07000242,East Hertfordshire,East,73.34118176860812,2.039127520083891,23.21035832482854,30.85512211486242,17.23657380883327
E07000137,East Lindsey,East Midlands,-16.30805652087774,1.923595211692275,-7.381995380856638,.2516224569828918,-11.10127880869627
E07000152,East Northamptonshire,East Midlands,-49.74369819839367,-15.46293551306676,-25.12290539994778,-16.15987162859085,7.002014343211721
E06000011,East Riding of Yorkshire,Yorkshire and The Humber,14.84196728729697,13.82427228555534,-.7492475357183732,.5849740024604304,1.181968534999576
E07000193,East Staffordshire,West Midlands,-15.0919691804002,.005031426540496,-10.81910653833046,-1.320374064948328,-2.957520003661906
E07000061,Eastbourne,South East,-5.014986056684859,15.4778086807489,-3.965311984202,-9.44880205756199,-7.078680695669774
E07000086,Eastleigh,South East,-5.922108702310563,-5.200285019868969,2.841199232610828,-17.01243345749643,13.44941054244401
E07000030,Eden,North West,-6.546747140963726,5.873165484294684,8.175626894031597,-9.076549469264876,-11.51899005002513
E07000207,Elmbridge,South East,59.18603760521648,17.20836772501855,-11.00289420644643,24.95265566924562,28.02790841739873
E09000010,Enfield,London,36.83701943846464,-.4633982449685163,19.46060598086422,32.12894031065735,-14.28912860808841
E07000072,Epping Forest,East,18.52042269603965,-.9815021980583298,1.394624023545695,6.195307401058326,11.91199346949396
E07000208,Epsom and Ewell,South East,66.58011558003113,10.79634751566726,11.46602441789661,20.42541953081221,23.89232411565506
E07000036,Erewash,East Midlands,-35.48378643742097,-.7748500850867563,-13.90015571904514,-19.30127503034317,-1.507505602945907
E07000041,Exeter,South West,22.60842716370075,17.16498111632778,9.570842651709237,-2.356861021303571,-1.770535583032698
E07000087,Fareham,South East,50.42677451077796,4.20153427888354,28.10289598185695,3.519789936142099,14.60255431389537
E07000010,Fenland,East,-51.58815520147975,5.118603560151181,-36.96849096650951,-9.872226151445723,-9.866041643675704
E07000201,Forest Heath,East,-28.81452479772382,-2.38619573488962,.4423647049816042,-3.10059554023448,-23.77009822758133
E07000080,Forest of Dean,South West,-47.64070646197972,-18.85328263236464,-13.54471859380494,-10.42681644684565,-4.815888788964484
E07000119,Fylde,North West,36.59562507828197,6.324675485223189,3.545411469081581,14.79417876731162,11.93135935666557
E08000037,Gateshead,North East,9.808437462771852,12.49542411192147,8.480573042875193,-6.538953512990321,-4.628606179034485
E07000173,Gedling,East Midlands,-33.48429415809837,-12.34036302356308,-.1909617516357045,-22.69136674033876,1.738397357439174
E07000081,Gloucester,South West,-36.73297253129274,-13.76631609881538,-8.311072376044638,-17.98271273320897,3.327128676776251
E07000088,Gosport,South East,-35.94508853022077,4.552484551994855,-39.89567222662771,4.271905328259051,-4.873806183846958
E07000109,Gravesham,South East,-9.881619283211528,12.37983890350394,-12.20576485331706,-3.085089859530665,-6.970603473867747
E07000145,Great Yarmouth,East,-40.84915666802245,5.532325868812535,-21.91833877185483,-11.12791302162468,-13.33523074335547
E09000011,Greenwich,London,76.41275406756523,30.40542029392978,28.46802328763707,25.97460091677005,-8.435290430771666
E07000209,Guildford,South East,19.98171753072364,-6.020319055459074,-2.191151736264579,5.11520317284698,23.07798514960031
E09000012,Hackney,London,101.3969615499989,22.05265916953145,47.87248412911433,39.56963160565857,-8.097813354305426
E06000006,Halton,North West,-14.54471475011324,-29.6305193677752,4.644461949629913,11.46046686757689,-1.019124199544842
E07000164,Hambleton,Yorkshire and The Humber,17.66893787032206,11.80060536373318,8.0948260512885,7.353290493794037,-9.579784038493655
E09000013,Hammersmith and Fulham,London,84.54389755923197,14.26223723530076,34.79500695357221,31.96142142494694,3.525231945412065
E07000131,Harborough,East Midlands,9.547657306002591,-27.94784878551502,27.98948241381831,-9.871143640316141,19.37716731801545
E09000014,Haringey,London,50.45889546364404,11.75774739887689,25.48261434136585,34.5945203361975,-21.3759866127962
E07000073,Harlow,East,11.726252834814,5.428426186763696,14.20969994617606,-2.674373196962789,-5.237500101162967
E07000165,Harrogate,Yorkshire and The Humber,9.183978334226698,-8.639612515993308,5.397410210076242,9.959359286514792,2.466821353628974
E09000015,Harrow,London,62.97119842924653,-5.344455984105057,34.31673016298332,43.71184913250038,-9.712924882132107
E07000089,Hart,South East,32.22583093925071,-1.023099352861526,16.82407513227309,-7.388149110886728,23.81300427072587
E06000001,Hartlepool,North East,-2.471589911532945,19.29748207797914,-.1912190133447256,-11.41069890598768,-10.16715407017968
E07000062,Hastings,South East,-44.44562634789481,19.25035472987789,-25.64210563663064,-25.67877922865777,-12.37509621248429
E07000090,Havant,South East,-20.35653174565688,-8.132782701730735,-12.61238142947022,-1.968453294685679,2.35708568022976
E09000016,Havering,London,2.329286851960482,5.39415174206538,.9392813893919394,-7.484489199470839,3.480342919974002
E06000019,"Herefordshire, County of",West Midlands,-33.01554473400881,-15.02577590057335,1.629109440113349,-4.73760399100813,-14.88127428254068
E07000098,Hertsmere,East,32.81117545873819,4.825505142641932,4.299344825589776,23.01608189298903,.6702435975174533
E07000037,High Peak,East Midlands,-18.78068392943632,1.306649612119177,-25.91297949046053,3.967318704322539,1.858327244582501
E09000017,Hillingdon,London,28.49052847825584,.4083046050753505,7.406178233419562,19.06567830298309,1.610367336777842
E07000132,Hinckley and Bosworth,East Midlands,-49.35520448299698,-22.13068029549139,-26.44575898727831,-10.82738779136417,10.04862259113689
E07000227,Horsham,South East,8.59729824244668,.7810051704358063,-2.055270226753187,-1.604532001489535,11.4760953002536
E09000018,Hounslow,London,70.26616448477773,1.321922125356093,31.26665496810859,41.78238879572704,-4.104801404413987
E07000011,Huntingdonshire,East,-22.69615731063762,-2.79600728816806,-31.2282719932342,2.69062118985145,8.637500780913186
E07000120,Hyndburn,North West,18.24342482343094,11.7567844483814,3.293275343017457,9.374492491189931,-6.181127459157843
E07000202,Ipswich,East,-27.45146015633216,-3.036306024739617,-21.93976890299646,6.021444380175757,-8.496829608771847
E06000046,Isle of Wight,South East,-19.13192057113884,34.60118614642295,-37.35828260178245,-5.784191146641653,-10.59063296913769
E09000019,Islington,London,93.40603751973397,12.87897423779022,34.512663157684,37.76946601514875,8.244934109110982
E09000020,Kensington and Chelsea,London,115.3081066305251,6.731631476100282,57.27152044839625,48.95790697477565,2.34704773125296
E07000153,Kettering,East Midlands,-46.34820237821787,-5.382830035872129,-28.41756446544301,-15.22764793699203,2.679840060089299
E07000146,King's Lynn and West Norfolk,East,-44.07589725935672,5.012048724610507,-15.94604686825613,-19.74002027591352,-13.40187883979758
E06000010,"Kingston upon Hull, City of",Yorkshire and The Humber,-1.563804608602382,17.51250106433397,9.070029506788391,-10.67560751856976,-17.47072766115499
E09000021,Kingston upon Thames,London,64.41096852541251,-4.978109994601905,27.97140166801034,27.56366280231869,13.8540140496854
E08000034,Kirklees,Yorkshire and The Humber,9.964344175001969,-1.96110637506361,-.9295761909450873,14.91076942409934,-2.055742683088674
E08000011,Knowsley,North West,-1.718786244156227,33.64301091041695,-22.15761242535908,-7.639810826764295,-5.564373902449796
E09000022,Lambeth,London,69.26422010879989,-1.582628015688321,38.47195981062457,33.49533654219196,-1.120448228328321
E07000121,Lancaster,North West,-4.903540840828891,11.3856235549197,-10.20099901379031,-9.778010547012427,3.689845165054145
E08000035,Leeds,Yorkshire and The Humber,-21.62469449913576,-3.973658776731606,-8.488394152233179,-15.37568181583904,6.213040245668061
E06000016,Leicester,East Midlands,-39.03473643307143,-28.98762724167335,-2.299591373271886,7.356128935287653,-15.10364675341384
E07000063,Lewes,South East,-19.85453619208293,16.88768967102873,-28.40841501643935,-7.519903199581535,-.8139076470907707
E09000023,Lewisham,London,50.47115089357011,15.61286535854212,12.91934359323325,24.89418340520372,-2.955241463408964
E07000194,Lichfield,West Midlands,38.02396907402348,6.926969764949429,10.89959486207312,9.902396058293213,10.29500838870771
E07000138,Lincoln,East Midlands,-27.20927777140778,11.03993319960925,-9.077389566121006,-12.45160205446521,-16.72021935043081
E08000012,Liverpool,North West,-33.59170191790403,-24.45298722155811,-10.03811846895048,2.152812602298972,-1.253408829694406
E06000032,Luton,East,30.88661527459019,9.135574332369771,10.12761918814571,18.82132646173482,-7.197904707660108
E07000110,Maidstone,South East,12.47301351086447,22.04578928667904,-14.82886250119965,2.145606705013162,3.110480020371921
E07000074,Maldon,East,32.79139358180954,9.099242524028947,6.640544047112545,7.990450362457278,9.061156648210769
E07000235,Malvern Hills,West Midlands,-8.950078771486361,3.32062812502297,.118261081243026,-9.967773248972119,-2.421194728780237
E08000003,Manchester,North West,10.88003895227384,-14.84204899355865,15.66257934191943,14.60510216845912,-4.545593564546053
E07000174,Mansfield,East Midlands,-61.12429787488642,-17.51579994500182,-3.982109494334705,-17.5221229718833,-22.1042654636666
E06000035,Medway,South East,1.752298598427386,12.1593847064437,-14.63213097829229,-1.455962423090242,5.681007293366215
E07000133,Melton,East Midlands,-24.72928118496844,-7.341006054842031,-6.248562506955951,1.322110579770423,-12.46182320294088
E07000187,Mendip,South West,-18.0286335711443,-16.52931956462015,3.546026507621291,1.833385898031033,-6.878726412176484
E09000024,Merton,London,41.75935614177185,-2.349010685391079,17.05398926373077,23.15960991434393,3.894767649088228
E07000042,Mid Devon,South West,-7.786421173044038,4.347208827373123,-9.358428768067885,1.769989221984926,-4.545190454334202
E07000203,Mid Suffolk,East,23.40973805093275,6.224761020217611,2.835700325273446,14.65062493975402,-.3013482343123304
E07000228,Mid Sussex,South East,26.62751921483736,-5.080774036336246,9.800365489641379,6.927411851073549,14.98051591045867
E06000002,Middlesbrough,North East,-12.7425522687222,-3.13478611681407,-3.238170156057665,4.283270183665357,-10.65286617951582
E06000042,Milton Keynes,South East,5.156453951020143,-1.178917959442572,-2.530982687267971,1.952436809313539,6.913917788417147
E07000210,Mole Valley,South East,37.18227381388095,3.316881038575068,2.421195061011241,14.65343185131734,16.79076586297731
E07000091,New Forest,South East,9.370721433463869,14.0943739446285,8.493228295375051,-11.09111674928163,-2.125764057258055
E07000175,Newark and Sherwood,East Midlands,-78.11892123651954,-21.03597123272431,-15.22834359613337,-32.85538557864183,-8.999220829020043
E08000021,Newcastle upon Tyne,North East,19.12428647090934,14.75121666755868,15.48224521295441,-8.191811947744288,-2.91736346185946
E07000195,Newcastle-under-Lyme,West Midlands,-6.055148319888693,5.536321419299878,-3.963073130800424,-4.418726363668314,-3.209670244719834
E09000025,Newham,London,75.36986344186761,16.71198559108864,45.50472799439076,43.49428801437149,-30.34113815798329
E07000043,North Devon,South West,-19.63042181951182,10.12743960118107,-.2615558654264238,-12.56718489177746,-16.92912066348901
E07000050,North Dorset,South West,-14.25107956596109,-.4687528180339333,-.3919287956884281,-5.441770137697306,-7.948627814541425
E07000038,North East Derbyshire,East Midlands,-26.05183707764925,2.317858591994222,-14.48280895297705,-9.705813438500162,-4.181073278166265
E06000012,North East Lincolnshire,Yorkshire and The Humber,-52.90438876921226,11.90147961074176,-18.55237136424671,-30.05423591487022,-16.19926110083709
E07000099,North Hertfordshire,East,31.8872103296756,1.870988976213804,-6.866436120254138,25.61014160054251,11.27251587317343
E07000139,North Kesteven,East Midlands,57.19542812267908,30.03484564106362,22.28554139846814,4.862191633865203,.0128494492821223
E06000013,North Lincolnshire,Yorkshire and The Humber,-4.772080086391624,12.4508442340649,-8.298276522107654,-8.059309778783192,-.8653380195656738
E07000147,North Norfolk,East,-28.0500132502037,2.143213265325145,10.70266429849789,-14.79200633197616,-26.10388448205057
E06000024,North Somerset,South West,21.7882965187758,-.0603422580654873,6.822546774307271,9.446067616890268,5.580024385643751
E08000022,North Tyneside,North East,7.702735380067589,-2.6526517531893,18.65046099813198,-9.509561805087591,1.214487940212496
E07000218,North Warwickshire,West Midlands,-51.38812450274903,-19.94304889716388,-24.53201237870831,-9.851032942980428,2.937969716103586
E07000134,North West Leicestershire,East Midlands,-4.484001241925149,-9.056688836519704,1.904092088558436,-4.024237621253029,6.692833127289148
E07000154,Northampton,East Midlands,-39.23372984850781,.6817227186019151,-21.43360480558149,-13.19730292218312,-5.284544839345124
E06000057,Northumberland,North East,-38.74210229802124,-6.800117130726527,-18.33900031198873,-7.738262480423119,-5.86472237488286
E07000148,Norwich,East,-42.86002875889115,-.4619240032427485,-12.1919259544118,-13.43909805069473,-16.76708075054187
E06000018,Nottingham,East Midlands,-55.1418208499614,-21.03249285624856,-1.174353278693618,-19.95764580409841,-12.97732891092081
E07000219,Nuneaton and Bedworth,West Midlands,-43.59218268476925,-13.37926492713985,-14.86316741162578,-11.72473953349935,-3.625010812504263
E07000135,Oadby and Wigston,East Midlands,-19.56600148950757,-13.24344667917503,-2.837621692380843,-1.533929691071499,-1.951003426880201
E08000004,Oldham,North West,-24.52152389486864,-22.34966452471636,-13.03997776353988,21.18558712632939,-10.31746873294181
E07000178,Oxford,South East,-27.13365936691159,-21.36487521915745,-22.86057184538801,-.2409886821714697,17.33277637980532
E07000122,Pendle,North West,6.421285656220069,1.575324199613987,-2.551832650437709,9.391477363881167,-1.993683256837378
E06000031,Peterborough,East,-6.320755109666905,9.692274555528645,-2.116800591717549,-6.336998093466477,-7.559230980011524
E06000026,Plymouth,South West,-.4544522217873812,7.971316771950494,5.203884751094268,-7.05164503048954,-6.578008714342603
E06000029,Poole,South West,-8.098804710742648,-2.041882492075981,-2.94488236815222,-3.027008467410847,-.085031383103602
E06000044,Portsmouth,South East,-4.694558816071064,16.04025818298707,-5.247353354039144,-12.34574929008958,-3.141714354929412
E07000123,Preston,North West,9.862640161060378,11.75779532473355,-9.906183381526676,12.48645392182063,-4.475425703967126
E07000051,Purbeck,South West,-2.533049113487785,-5.389335893948157,8.806038163034509,9.08748252999357,-15.03723391256771
E06000038,Reading,South East,-14.26204719713823,.6345360127836397,-25.34834089415396,-.0564935415920331,10.50825122582412
E09000026,Redbridge,London,98.98249532316665,12.50457355302697,36.77358678965318,49.15652149516376,.5478134853227346
E06000003,Redcar and Cleveland,North East,4.403232416355838,1.817769991608462,6.235389349950686,7.937071930065149,-11.58699885526846
E07000236,Redditch,West Midlands,-9.45981190112316,-8.87996608473264,7.321884519199902,2.321953070418559,-10.22368340600898
E07000211,Reigate and Banstead,South East,39.52830633132226,-4.045056093192573,12.86322852325654,11.448836769783,19.26129713147529
E07000124,Ribble Valley,North West,19.44441378244279,9.416179961983181,16.86562559392929,-21.58165305938511,14.74426128591543
E09000027,Richmond upon Thames,London,53.06458418138307,-.782851022408467,13.10993516326567,18.9776464114674,21.75985362905847
E07000166,Richmondshire,Yorkshire and The Humber,-4.264324163924719,13.04933087161032,-.1504613067782148,4.234272460404117,-21.39746618916094
E08000005,Rochdale,North West,-4.731415678406407,-18.8894755348417,7.646708635695582,14.64793786959091,-8.1365866488512
E07000075,Rochford,East,10.46097827030442,4.740458639862633,7.339802412906629,-4.915723753766361,3.296440971301517
E07000125,Rossendale,North West,11.97861346764254,21.36257141799425,-5.113391177864863,-.6045624562809517,-3.666004316205893
E07000064,Rother,South East,4.927953488788093,17.88370742673446,-1.868430382666914,-3.376872440254364,-7.710451115025085
E08000018,Rotherham,Yorkshire and The Humber,-5.691677756122228,13.27353616927602,-2.822860387449125,-10.50688672668245,-5.635466811266669
E07000220,Rugby,West Midlands,3.738584270460317,-5.91847913003406,-5.534269570174939,.9369801251895713,14.25435284547975
E07000212,Runnymede,South East,33.2580940423173,-9.239993066764399,8.545016442743878,19.86292219697269,14.09014846936513
E07000176,Rushcliffe,East Midlands,41.16057650829005,-20.51594153221599,31.66453518916221,1.208001167380806,28.80398168396303
E07000092,Rushmoor,South East,-14.06140136414142,4.231068827128019,-10.87965787506758,-10.72123193636728,3.308419620165427
E06000017,Rutland,East Midlands,15.78543878852575,-10.11163369800465,29.32607821675078,-3.274437764069133,-.1545679661512539
E07000167,Ryedale,Yorkshire and The Humber,-19.93414944454905,-17.14477675044169,13.22813590042414,-.4859691650782587,-15.53153942945324
E08000006,Salford,North West,-13.6643370946801,-18.77531162303132,4.104848834146686,3.966253154142994,-2.960127459938454
E08000028,Sandwell,West Midlands,-32.16551234289378,-26.07900863131657,-.8717231229370664,8.13384472380227,-13.34862531244242
E07000168,Scarborough,Yorkshire and The Humber,-43.2105463514612,-4.090499419225736,-32.68347946429709,9.696285276271205,-16.13285274420959
E07000188,Sedgemoor,South West,-27.1535108470386,-.1755319628253198,-7.921716470918327,-8.107806868388394,-10.94845554490656
E08000014,Sefton,North West,5.70422929185194,8.353838053467269,-2.466294455988109,-1.719020489313574,1.535706183686353
E07000169,Selby,Yorkshire and The Humber,-7.98014987247107,4.554582368853898,-10.90711340763425,-11.67957623254194,10.05195739885123
E07000111,Sevenoaks,South East,27.01809907066136,19.05733895690435,5.287231713825486,-7.851753436026454,10.52528183595799
E08000019,Sheffield,Yorkshire and The Humber,-13.38277182724558,-4.769595406527014,-12.20538170070446,.0815574461205419,3.510647833865352
E07000112,Shepway,South East,19.12603989396486,24.31888987168752,5.274848966300187,.2726679089918962,-10.74036685301474
E06000051,Shropshire,West Midlands,-19.57139886151148,4.439315819204537,-1.270800590817221,-16.70177349318772,-6.038140596711077
E06000039,Slough,South East,40.29366427119611,-12.43461080161913,16.77553701993554,34.17394480560638,1.778793247273333
E08000029,Solihull,West Midlands,35.02094918743593,-5.202316279718448,16.29738150202944,9.61184801840184,14.3140359467231
E07000006,South Bucks,South East,19.85796552041775,-3.020909882320563,-17.25846098506564,24.29916999143297,15.83816639637098
E07000012,South Cambridgeshire,East,17.06944589573042,-5.146736023907717,-7.079535113586084,1.064507493572335,28.23120953965189
E07000039,South Derbyshire,East Midlands,-55.13896884643155,-17.08027275917352,-30.36861443667338,-18.06301233744594,10.3729306868613
E06000025,South Gloucestershire,South West,11.3542230920236,22.2210525828076,-9.118092919433364,-8.281000538560955,6.532263967210317
E07000044,South Hams,South West,38.10928387581251,16.48834664030095,20.82507639923438,6.621907419609038,-5.826046583331857
E07000140,South Holland,East Midlands,12.27429708178789,34.30298781978395,-10.20769566446635,-3.863707938896845,-7.957287134632868
E07000141,South Kesteven,East Midlands,10.08214975882509,16.98086496352954,10.41249698019125,-8.016027941222164,-9.295184243673541
E07000031,South Lakeland,North West,16.11738230025706,17.51018396219281,6.193552062322031,-3.410953336963739,-4.175400387294036
E07000149,South Norfolk,East,4.361157130632503,2.599167429044883,.3055801769357132,-6.464061320961242,7.920470845613149
E07000155,South Northamptonshire,East Midlands,27.36008232666947,.583428432525341,1.32065451807781,10.51002170235552,14.9459776737108
E07000179,South Oxfordshire,South East,-3.896787085676841,-25.0664906807481,-8.252763149635074,8.142848600805666,21.27961814390066
E07000126,South Ribble,North West,29.33265909501542,-3.7370594803503,13.6329806362631,14.74153193837279,4.695206000729829
E07000189,South Somerset,South West,-16.97811251047372,-3.859986191043544,3.448916813991882,-10.22392643380913,-6.343116699612932
E07000196,South Staffordshire,West Midlands,22.14166548195371,10.58765768088162,-3.733211750240192,6.80687101497928,8.480348536332999
E08000023,South Tyneside,North East,8.292414345717527,4.09346092037791,23.51670170228086,-10.16712170996177,-9.15062656697947
E06000045,Southampton,South East,-22.33512681382495,8.937472110109047,-4.071063608836509,-22.76370807790649,-4.437827237190994
E06000033,Southend-on-Sea,East,32.29927837241525,18.41541963542021,7.898205146570264,3.000087298805937,2.985566291618838
E09000028,Southwark,London,74.5970371998848,.2531812991793245,37.13245868631913,35.77361537078526,1.437781843601091
E07000213,Spelthorne,South East,12.60485946740568,-1.027749613974838,-4.67593233105357,-1.08434446211834,19.39288587455243
E07000240,St Albans,East,48.65420220311324,-12.44880946757999,10.16397782523757,26.40686849192657,24.53216535352911
E07000204,St Edmundsbury,East,-11.37392567323857,-9.624778778150713,5.845514187050878,3.025595257772409,-10.62025633991114
E08000013,St. Helens,North West,-14.62596555477934,-11.15116641896848,1.288712362723894,-.9407996153660712,-3.822711883168687
E07000197,Stafford,West Midlands,-11.02624366118919,-.1836590500908359,-12.91148289791881,-7.73895861045974,9.807856897280196
E07000198,Staffordshire Moorlands,West Midlands,-20.88275408071884,-8.376014628361471,-4.014021097015039,-3.817687420434669,-4.675030934907657
E07000243,Stevenage,East,12.77935339548657,9.315255852078767,-13.15337862184722,18.7086069294314,-2.091130764176385
E08000007,Stockport,North West,21.98485700957227,-4.617574163605845,10.48447258552433,4.412148091448366,11.70581049620542
E06000004,Stockton-on-Tees,North East,-9.548379512383661,11.09341257828124,-11.80697695289723,-15.49591299761822,6.661097859850546
E06000021,Stoke-on-Trent,West Midlands,-14.45344489177603,6.833545131513967,-12.52669718931345,-.5273130085419555,-8.232979825434587
E07000221,Stratford-on-Avon,West Midlands,9.638227822286247,-1.453887644481086,4.269890484465638,-2.924415418835579,9.746640401137274
E07000082,Stroud,South West,40.77346546462263,5.490563000430635,14.0427960556693,9.756206041268348,11.48390036725435
E07000205,Suffolk Coastal,East,11.81435262130235,-8.706476617176566,.5791928117247086,9.295671681918048,10.64596474483616
E08000024,Sunderland,North East,20.6122142689795,22.70273110475372,13.90420171690917,-8.841648255623687,-7.153070297059706
E07000214,Surrey Heath,South East,58.94525912125802,18.80637842304277,-3.002308063603754,17.5427217657397,25.5984669960793
E09000029,Sutton,London,61.87422894834287,1.101622420535123,31.12511117965901,30.72564900746714,-1.078153659318401
E07000113,Swale,South East,-2.009846226995236,21.2751849297732,-9.567948506669953,-10.01233223186449,-3.704750418233988
E06000030,Swindon,South West,-14.64460728867934,14.56801054688956,-13.19134327938604,-23.91351218284271,7.892237626659846
E08000008,Tameside,North West,-22.8426188122732,-27.5346778012481,.4960627211295079,10.53363804415855,-6.337641776313157
E07000199,Tamworth,West Midlands,-36.48977009609276,7.080826550813794,-22.81495176909372,-17.17693644628691,-3.578708431525921
E07000215,Tandridge,South East,35.24008292013362,12.55313885516678,-5.712509141654107,15.72885674115138,12.67059646546957
E07000190,Taunton Deane,South West,-10.27613367731874,-9.237697618690792,-1.980785855418567,3.55027756370847,-2.607927766917853
E07000045,Teignbridge,South West,4.189938939513585,11.46210431399694,13.80253232339644,-12.09899524180477,-8.975702456075021
E06000020,Telford and Wrekin,West Midlands,-3.323809468195607,16.02908900478204,2.198427269903554,-13.37414976228603,-8.177175980595177
E07000076,Tendring,East,-15.08494057467761,4.153075706292412,-5.462773202100042,-2.702755278988612,-11.07248779988137
E07000093,Test Valley,South East,20.86415726049724,16.59260821006153,1.366936188725988,-10.51915124946371,13.42376411117343
E07000083,Tewkesbury,South West,-8.55240358262318,-14.55017506806688,6.381709663910885,-9.632543969174513,9.248605790707332
E07000114,Thanet,South East,-33.73455433737431,20.10506312071437,-15.22980751600634,-15.75650750081547,-22.85330244126688
E07000102,Three Rivers,East,24.39258530740446,-8.273981285392338,7.025043967958458,13.96520853821615,11.67631408662219
E06000034,Thurrock,East,-15.43860783971092,2.000220109910597,-5.998041421493886,-11.7196964211902,.2789098930625759
E07000115,Tonbridge and Malling,South East,35.05805671706715,18.47774412257012,-.9421839881685443,7.964772285627299,9.557724297038284
E06000027,Torbay,South West,8.81622718188607,30.42723759130763,-5.443074428073007,5.363874785887401,-21.53181076723596
E07000046,Torridge,South West,-37.49446382041299,-4.972463558633737,1.364917727338803,-14.18516551757719,-19.70175247154086
E09000030,Tower Hamlets,London,113.0386130636368,16.07900012601148,44.8978295710788,47.92720195366429,4.134581412882188
E08000009,Trafford,North West,60.8408562746345,9.851114379206228,16.35900053882655,19.91662212807998,14.71411922852174
E07000116,Tunbridge Wells,South East,18.03255964890919,17.55697837651965,4.285036164391947,-18.101420243738,14.29196535173559
E07000077,Uttlesford,East,65.42256891511056,15.66692875853962,27.26321254033451,11.59675158514383,10.89567603109258
E07000180,Vale of White Horse,South East,-26.50039466161802,-37.07975983878789,5.023822983963277,-19.40841648289188,24.96395867609847
E08000036,Wakefield,Yorkshire and The Humber,-40.70259995010816,-11.61056305799664,-12.92140309100418,-10.28716288562249,-5.883470915484841
E08000030,Walsall,West Midlands,-33.8436431740481,-6.743350698823372,-21.83215725122532,4.099807366572355,-9.367942590571772
E09000031,Waltham Forest,London,65.69948339665899,20.23840166857808,28.77800506938784,40.67877420004422,-23.99569754135116
E09000032,Wandsworth,London,110.3242019226465,24.09441416165721,38.21838532979646,40.66286738580639,7.348535045386456
E06000007,Warrington,North West,-1.355749051337401,.8355824250020891,-4.913534605565474,-8.540018602898266,11.26222173212425
E07000222,Warwick,West Midlands,16.88593170182059,-19.26844977772704,11.33395192548946,1.885317531672025,22.93511202238614
E07000103,Watford,East,24.39329040495778,-8.74942132962774,4.740183914696654,16.8378817805268,11.56464603936207
E07000206,Waveney,East,-56.93171676602097,1.161929725087321,-34.48486478959727,-5.632310937977518,-17.9764707635335
E07000216,Waverley,South East,31.40057451564828,3.271826904833073,-1.354941612972913,8.802147693600828,20.6815415301873
E07000065,Wealden,South East,13.04432380778841,19.58207920787039,-4.321113773075941,-3.304968583142762,1.088326956136725
E07000156,Wellingborough,East Midlands,-65.70402343671412,-5.965579161801826,-40.54542191638765,-11.714894297453,-7.478128061071637
E07000241,Welwyn Hatfield,East,40.38185041546406,1.489289925605102,16.13922272189406,15.81678948723623,6.936548280728669
E06000037,West Berkshire,South East,-29.12419102889223,-28.75570948803412,-6.86223575162982,-15.66723423554828,22.16098844632
E07000047,West Devon,South West,7.234250251275474,12.59171067034156,14.58830954834999,-10.40322199484307,-9.542547972573002
E07000052,West Dorset,South West,-5.461318594806135,-15.53808507381143,1.991168227367137,5.88099003944989,2.204608212188271
E07000127,West Lancashire,North West,10.41917676316118,1.972103728535859,10.64598647524384,-2.298826571081736,.0999131304632193
E07000142,West Lindsey,East Midlands,-.5859592059339209,15.37159618551689,-14.17955807266974,1.955052765217514,-3.733050083998581
E07000181,West Oxfordshire,South East,-.6766471135274923,-5.72813442060151,-1.970385866791179,-1.248923283883657,8.270796457748853
E07000191,West Somerset,South West,-83.19713547879803,-42.50689135657287,-3.235354953149597,-4.390105941223918,-33.06478322785165
E09000033,Westminster,London,115.707312560497,13.61839373880482,45.71643901283622,51.74922682350444,4.623252985351566
E07000053,Weymouth and Portland,South West,-73.09430264802455,-11.54737445670269,-33.20012930425812,-5.995034566194054,-22.35176432086969
E08000010,Wigan,North West,-11.26699276756489,-16.51034970169544,8.116622764803367,.9355983794543077,-3.808864210127127
E06000054,Wiltshire,South West,-23.55510362635536,-16.66511174511004,-1.983815220708073,-4.86533736384772,-.0408392966895232
E07000094,Winchester,South East,30.71676780930352,-16.27020001317828,14.29548334740349,7.632164219291782,25.05932025578652
E06000040,Windsor and Maidenhead,South East,35.46191645033851,-10.05757704502158,1.928680742813883,18.11865850919143,25.47215424335477
E08000015,Wirral,North West,-7.958000953299777,-3.673078660384713,-6.92829446173835,.3800487385765581,2.263323430246727
E07000217,Woking,South East,48.69591277568648,.6703452651471151,21.26944296862494,13.80962180220311,12.94650273971132
E06000041,Wokingham,South East,20.44537707560659,-8.089190152982972,.854310639773822,-3.637535819455373,31.31779240827111
E08000031,Wolverhampton,West Midlands,-20.78751275843443,-16.52145925130479,-2.146973812194672,11.94442010677599,-14.06349980171096
E07000237,Worcester,West Midlands,-35.10415589879584,-8.299140388249036,-9.585814488569987,-20.33564947004164,3.116448448064819
E07000229,Worthing,South East,1.851290472904623,4.548399414019047,-17.48115073901885,14.04483028156632,.7392115163381039
E07000238,Wychavon,West Midlands,-54.76562805792812,-30.02063482281561,-8.26189658263468,-17.61767471742872,1.134578064950889
E07000007,Wycombe,South East,28.22819597894325,-13.02178774402662,1.723201370377741,27.21775105259876,12.30903129999337
E07000128,Wyre,North West,26.49961797614298,16.66334972848045,-2.939090014052024,16.18286342904095,-3.407505167326391
E07000239,Wyre Forest,West Midlands,-33.54723749986367,-3.226044750308447,-20.73784277447748,-4.30858434625498,-5.274765628822766
E06000014,York,Yorkshire and The Humber,-.3841407914282424,3.833661225483401,-5.234712109629944,-.9840104401105914,2.000920532828892
